Workbook
Name Slicer_Diabetes_Status: #N/A
Name Slicer_Weight_Status: #N/A

Sheet Customer Names
A1: Customer ID | B1: Name | C1: FirstName | D1: Title | E1: LastName
A2: Id1 | B2: Hawks, Ms. Kelly | C2: Hawks | D2: Ms. | E2: Kelly
A3: Id2 | B3: Lehner, Mr. Matthew D | C3: Lehner | D3: Mr. | E3: Matthew D
A4: Id3 | B4: Lu, Mr. Phil | C4: Lu | D4: Mr. | E4: Phil
A5: Id4 | B5: Osborne, Ms. Kelsey | C5: Osborne | D5: Ms. | E5: Kelsey
A6: Id5 | B6: Kadala, Ms. Kristyn | C6: Kadala | D6: Ms. | E6: Kristyn
A7: Id6 | B7: Baker, Mr. Russell B. | C7: Baker | D7: Mr. | E7: Russell B.
A8: Id7 | B8: Macpherson, Mr. Scott | C8: Macpherson | D8: Mr. | E8: Scott
A9: Id8 | B9: Hallman, Mr. Stephen | C9: Hallman | D9: Mr. | E9: Stephen
A10: Id9 | B10: Moran, Mr. Patrick R. | C10: Moran | D10: Mr. | E10: Patrick R.
A11: Id10 | B11: Benner, Ms. Brooke N. | C11: Benner | D11: Ms. | E11: Brooke N.
A12: Id11 | B12: Fierro Vargas, Ms. Paola Andrea | C12: Fierro Vargas | D12: Ms. | E12: Paola Andrea
... A2336: Id2335 | B2336: German, Mr. Aaron K | C2336: German | D2336: Mr. | E2336: Aaron K

Sheet Medical Examinations
A1: Customer ID | B1: BMI | C1: Weight Status | D1: HBA1C | E1: Diabetes Status | F1: Heart Issues | G1: Any Transplants | H1: Cancer history | I1: NumberOfMajorSurgeries | J1: smoker | L1: Find and Replace
A2: Id1 | B2: 47.41 | C2: =IF(B2<18.5,"Underweight",IF(AND(B2>=18.5,B2<25),"Normal weight",IF(AND(B2>=25,B2<30),"Overweight","Obesity"))) -> Obesity | D2: 7.47 | E2: =IF(D2<5.7,"Normal",IF(AND(D2>=5.7,D2<=6.4),"Prediabetese","Diabetese")) -> Diabetese | F2: No | G2: No | H2: No | I2: 0 | J2: Yes
A3: Id2 | B3: 30.36 | C3: =IF(B3<18.5,"Underweight",IF(AND(B3>=18.5,B3<25),"Normal weight",IF(AND(B3>=25,B3<30),"Overweight","Obesity"))) -> Obesity | D3: 5.77 | E3: =IF(D3<5.7,"Normal",IF(AND(D3>=5.7,D3<=6.4),"Prediabetese","Diabetese")) -> Prediabetese | F3: No | G3: No | H3: No | I3: 0 | J3: Yes | L3: smoker | M3: {=INDEX($J$2:$J$2366,MATCH(MAX(COUNTIF($J$2:$J$2366,$J$2:$J$2366)),COUNTIF($J$2:$J$2366,$J$2:$J$2366),0))} -> No
A4: Id3 | B4: 34.485 | C4: =IF(B4<18.5,"Underweight",IF(AND(B4>=18.5,B4<25),"Normal weight",IF(AND(B4>=25,B4<30),"Overweight","Obesity"))) -> Obesity | D4: 11.87 | E4: =IF(D4<5.7,"Normal",IF(AND(D4>=5.7,D4<=6.4),"Prediabetese","Diabetese")) -> Diabetese | F4: Yes | G4: No | H4: No | I4: 2 | J4: Yes | L4: No major surgery | M4: 0
A5: Id4 | B5: 38.095 | C5: =IF(B5<18.5,"Underweight",IF(AND(B5>=18.5,B5<25),"Normal weight",IF(AND(B5>=25,B5<30),"Overweight","Obesity"))) -> Obesity | D5: 6.05 | E5: =IF(D5<5.7,"Normal",IF(AND(D5>=5.7,D5<=6.4),"Prediabetese","Diabetese")) -> Prediabetese | F5: No | G5: No | H5: No | I5: 0 | J5: Yes | L5: (Heart Issues column) yes | M5: Yes
A6: Id5 | B6: 35.53 | C6: =IF(B6<18.5,"Underweight",IF(AND(B6>=18.5,B6<25),"Normal weight",IF(AND(B6>=25,B6<30),"Overweight","Obesity"))) -> Obesity | D6: 5.45 | E6: =IF(D6<5.7,"Normal",IF(AND(D6>=5.7,D6<=6.4),"Prediabetese","Diabetese")) -> Normal | F6: No | G6: No | H6: No | I6: 0 | J6: Yes
A7: Id6 | B7: 32.8 | C7: =IF(B7<18.5,"Underweight",IF(AND(B7>=18.5,B7<25),"Normal weight",IF(AND(B7>=25,B7<30),"Overweight","Obesity"))) -> Obesity | D7: 6.59 | E7: =IF(D7<5.7,"Normal",IF(AND(D7>=5.7,D7<=6.4),"Prediabetese","Diabetese")) -> Diabetese | F7: No | G7: No | H7: No | I7: 0 | J7: Yes | L7: (smoker column ) yes | M7: Yes
A8: Id7 | B8: 36.4 | C8: =IF(B8<18.5,"Underweight",IF(AND(B8>=18.5,B8<25),"Normal weight",IF(AND(B8>=25,B8<30),"Overweight","Obesity"))) -> Obesity | D8: 6.07 | E8: =IF(D8<5.7,"Normal",IF(AND(D8>=5.7,D8<=6.4),"Prediabetese","Diabetese")) -> Prediabetese | F8: No | G8: No | H8: No | I8: 0 | J8: Yes
A9: Id8 | B9: 36.96 | C9: =IF(B9<18.5,"Underweight",IF(AND(B9>=18.5,B9<25),"Normal weight",IF(AND(B9>=25,B9<30),"Overweight","Obesity"))) -> Obesity | D9: 7.93 | E9: =IF(D9<5.7,"Normal",IF(AND(D9>=5.7,D9<=6.4),"Prediabetese","Diabetese")) -> Diabetese | F9: No | G9: No | H9: No | I9: 3 | J9: Yes
A10: Id9 | B10: 41.14 | C10: =IF(B10<18.5,"Underweight",IF(AND(B10>=18.5,B10<25),"Normal weight",IF(AND(B10>=25,B10<30),"Overweight","Obesity"))) -> Obesity | D10: 9.58 | E10: =IF(D10<5.7,"Normal",IF(AND(D10>=5.7,D10<=6.4),"Prediabetese","Diabetese")) -> Diabetese | F10: Yes | G10: No | H10: Yes | I10: 1 | J10: Yes
A11: Id10 | B11: 38.06 | C11: =IF(B11<18.5,"Underweight",IF(AND(B11>=18.5,B11<25),"Normal weight",IF(AND(B11>=25,B11<30),"Overweight","Obesity"))) -> Obesity | D11: 10.79 | E11: =IF(D11<5.7,"Normal",IF(AND(D11>=5.7,D11<=6.4),"Prediabetese","Diabetese")) -> Diabetese | F11: No | G11: No | H11: No | I11: 0 | J11: Yes
A12: Id11 | B12: 37.7 | C12: =IF(B12<18.5,"Underweight",IF(AND(B12>=18.5,B12<25),"Normal weight",IF(AND(B12>=25,B12<30),"Overweight","Obesity"))) -> Obesity | D12: 5.96 | E12: =IF(D12<5.7,"Normal",IF(AND(D12>=5.7,D12<=6.4),"Prediabetese","Diabetese")) -> Prediabetese | F12: Yes | G12: No | H12: No | I12: 2 | J12: Yes
A13: Id12 | B13: 42.13 | C13: =IF(B13<18.5,"Underweight",IF(AND(B13>=18.5,B13<25),"Normal weight",IF(AND(B13>=25,B13<30),"Overweight","Obesity"))) -> Obesity | D13: 11.9 | E13: =IF(D13<5.7,"Normal",IF(AND(D13>=5.7,D13<=6.4),"Prediabetese","Diabetese")) -> Diabetese | F13: No | G13: No | H13: No | I13: 0 | J13: Yes
A14: Id13 | B14: 40.92 | C14: =IF(B14<18.5,"Underweight",IF(AND(B14>=18.5,B14<25),"Normal weight",IF(AND(B14>=25,B14<30),"Overweight","Obesity"))) -> Obesity | D14: 8.41 | E14: =IF(D14<5.7,"Normal",IF(AND(D14>=5.7,D14<=6.4),"Prediabetese","Diabetese")) -> Diabetese | F14: No | G14: No | H14: No | I14: 0 | J14: Yes
A15: Id14 | B15: 40.565 | C15: =IF(B15<18.5,"Underweight",IF(AND(B15>=18.5,B15<25),"Normal weight",IF(AND(B15>=25,B15<30),"Overweight","Obesity"))) -> Obesity | D15: 7.02 | E15: =IF(D15<5.7,"Normal",IF(AND(D15>=5.7,D15<=6.4),"Prediabetese","Diabetese")) -> Diabetese | F15: No | G15: No | H15: No | I15: 0 | J15: Yes
A16: Id15 | B16: 36.385 | C16: =IF(B16<18.5,"Underweight",IF(AND(B16>=18.5,B16<25),"Normal weight",IF(AND(B16>=25,B16<30),"Overweight","Obesity"))) -> Obesity | D16: 7.59 | E16: =IF(D16<5.7,"Normal",IF(AND(D16>=5.7,D16<=6.4),"Prediabetese","Diabetese")) -> Diabetese | F16: Yes | G16: No | H16: No | I16: 2 | J16: Yes
A17: Id16 | B17: 39.9 | C17: =IF(B17<18.5,"Underweight",IF(AND(B17>=18.5,B17<25),"Normal weight",IF(AND(B17>=25,B17<30),"Overweight","Obesity"))) -> Obesity | D17: 11.32 | E17: =IF(D17<5.7,"Normal",IF(AND(D17>=5.7,D17<=6.4),"Prediabetese","Diabetese")) -> Diabetese | F17: No | G17: No | H17: No | I17: 0 | J17: Yes
A18: Id17 | B18: 33.8 | C18: =IF(B18<18.5,"Underweight",IF(AND(B18>=18.5,B18<25),"Normal weight",IF(AND(B18>=25,B18<30),"Overweight","Obesity"))) -> Obesity | D18: 7.67 | E18: =IF(D18<5.7,"Normal",IF(AND(D18>=5.7,D18<=6.4),"Prediabetese","Diabetese")) -> Diabetese | F18: No | G18: No | H18: No | I18: 3 | J18: Yes
A19: Id18 | B19: 36.765 | C19: =IF(B19<18.5,"Underweight",IF(AND(B19>=18.5,B19<25),"Normal weight",IF(AND(B19>=25,B19<30),"Overweight","Obesity"))) -> Obesity | D19: 7.29 | E19: =IF(D19<5.7,"Normal",IF(AND(D19>=5.7,D19<=6.4),"Prediabetese","Diabetese")) -> Diabetese | F19: Yes | G19: No | H19: Yes | I19: 1 | J19: Yes
... A2336: Id2335 | B2336: 17.58 | C2336: =IF(B2336<18.5,"Underweight",IF(AND(B2336>=18.5,B2336<25),"Normal weight",IF(AND(B2336>=25,B2336<30),"Overweight","Obesity"))) -> Underweight | D2336: 4.51 | E2336: =IF(D2336<5.7,"Normal",IF(AND(D2336>=5.7,D2336<=6.4),"Prediabetese","Diabetese")) -> Normal | F2336: No | G2336: No | H2336: No | I2336: 1 | J2336: No

Sheet Hospitalisation Details
A1: Customer ID | B1: ID_NO | C1: Year | D1: Month | E1: Date | F1: Date of Birth | G1: Age | H1: Children | I1: Charges | J1: Hospital tier | K1: City tier | L1: State ID | N1: Today's Date | O1: =TODAY() -> 46276
A2: Id1 | B2: 1 | C2: 1968 | D2: Oct | E2: 12 | F2: 36080 | G2: =DATEDIF(F2,$O$1,"Y") -> 27 | H2: 0 | I2: 63770.43 | J2: tier - 1 | K2: tier - 3 | L2: R1013
A3: Id2 | B3: 2 | C3: 1977 | D3: Jun | E3: 8 | F3: 35589 | G3: =DATEDIF(F3,$O$1,"Y") -> 29 | H3: 0 | I3: 62592.87 | J3: tier - 2 | K3: tier - 3 | L3: R1013 | N3: Find and Replace
A4: Id3 | B4: 3 | C4: 1970 | D4: Sep | E4: 11 | F4: 33127 | G4: =DATEDIF(F4,$O$1,"Y") -> 36 | H4: 3 | I4: 60021.4 | J4: tier - 1 | K4: tier - 1 | L4: R1012 | N4: Year Average | O4: =AVERAGE(C2:C2344) -> 1982.8417 | P4: 1983
A5: Id4 | B5: 4 | C5: 1991 | D5: Jun | E5: 6 | F5: 33395 | G5: =DATEDIF(F5,$O$1,"Y") -> 35 | H5: 1 | I5: 58571.07 | J5: tier - 1 | K5: tier - 3 | L5: R1024 | N5: Customer ID | O5: No_ID_Found
A6: Id5 | B6: 5 | C6: 1989 | D6: Jun | E6: 19 | F6: 36330 | G6: =DATEDIF(F6,$O$1,"Y") -> 27 | H6: 0 | I6: 55135.4 | J6: tier - 1 | K6: tier - 2 | L6: R1012 | N6: month | O6: Sep
A7: Id6 | B7: 6 | C7: 1962 | D7: Aug | E7: 4 | F7: 33820 | G7: =DATEDIF(F7,$O$1,"Y") -> 34 | H7: 0 | I7: 52590.83 | J7: tier - 1 | K7: tier - 3 | L7: R1011 | N7: Hospital tier | O7: {=INDEX($K$2:$K$2344,MATCH(MAX(COUNTIF($K$2:$K$2344,$K$2:$K$2344)),COUNTIF($K$2:$K$2344,$K$2:$K$2344),0))} -> tier - 2
A8: Id7 | B8: 7 | C8: 1994 | D8: Oct | E8: 27 | F8: 34634 | G8: =DATEDIF(F8,$O$1,"Y") -> 31 | H8: 1 | I8: 51194.56 | J8: tier - 1 | K8: tier - 3 | L8: R1011 | N8: City tier | O8: {=INDEX($K$2:$K$2344,MATCH(MAX(COUNTIF($K$2:$K$2344,$K$2:$K$2344)),COUNTIF($K$2:$K$2344,$K$2:$K$2344),0))} -> tier - 2
A9: Id8 | B9: 8 | C9: 1958 | D9: Jun | E9: 27 | F9: 35973 | G9: =DATEDIF(F9,$O$1,"Y") -> 28 | H9: 2 | I9: 49577.66 | J9: tier - 2 | K9: tier - 2 | L9: R1013 | N9: State ID | O9: Unknown
A10: Id9 | B10: 9 | C10: 1963 | D10: Sep | E10: 4 | F10: 34216 | G10: =DATEDIF(F10,$O$1,"Y") -> 33 | H10: 1 | I10: 48970.25 | J10: tier - 1 | K10: tier - 2 | L10: R1013
A11: Id10 | B11: 10 | C11: 1978 | D11: Dec | E11: 29 | F11: 36158 | G11: =DATEDIF(F11,$O$1,"Y") -> 27 | H11: 0 | I11: 48885.14 | J11: tier - 1 | K11: tier - 2 | L11: R1013
A12: Id11 | B12: 11 | C12: 1959 | D12: Jul | E12: 22 | F12: 36363 | G12: =DATEDIF(F12,$O$1,"Y") -> 27 | H12: 0 | I12: 48824.45 | J12: tier - 2 | K12: tier - 1 | L12: R1011
A13: Id12 | B13: 12 | C13: 1965 | D13: Oct | E13: 27 | F13: 34999 | G13: =DATEDIF(F13,$O$1,"Y") -> 30 | H13: 1 | I13: 48675.52 | J13: tier - 1 | K13: tier - 2 | L13: R1013
A14: Id13 | B14: 13 | C14: 1962 | D14: Oct | E14: 11 | F14: 33888 | G14: =DATEDIF(F14,$O$1,"Y") -> 33 | H14: 0 | I14: 48673.56 | J14: tier - 1 | K14: tier - 2 | L14: R1013
A15: Id14 | B15: 14 | C15: 1968 | D15: Dec | E15: 1 | F15: 36130 | G15: =DATEDIF(F15,$O$1,"Y") -> 27 | H15: 3 | I15: 48549.18 | J15: tier - 1 | K15: tier - 3 | L15: R1016
A16: Id15 | B16: 15 | C16: 1961 | D16: Dec | E16: 21 | F16: 33593 | G16: =DATEDIF(F16,$O$1,"Y") -> 34 | H16: 1 | I16: 48517.56 | J16: tier - 1 | K16: tier - 3 | L16: R1024
A17: Id16 | B17: 16 | C17: 1962 | D17: Aug | E17: 27 | F17: 33843 | G17: =DATEDIF(F17,$O$1,"Y") -> 34 | H17: 0 | I17: 48173.36 | J17: tier - 1 | K17: tier - 3 | L17: R1011
A18: Id17 | B18: 17 | C18: 1958 | D18: Nov | E18: 16 | F18: 36115 | G18: =DATEDIF(F18,$O$1,"Y") -> 27 | H18: 1 | I18: 47928.03 | J18: tier - 2 | K18: tier - 3 | L18: R1011
A19: Id18 | B19: 18 | C19: 1963 | D19: Aug | E19: 5 | F19: 34186 | G19: =DATEDIF(F19,$O$1,"Y") -> 33 | H19: 1 | I19: 47896.79 | J19: tier - 1 | K19: tier - 3 | L19: R1024
A20: Id19 | B20: 19 | C20: 1964 | D20: Nov | E20: 7 | F20: 34645 | G20: =DATEDIF(F20,$O$1,"Y") -> 31 | H20: 2 | I20: 47496.49 | J20: tier - 1 | K20: tier - 3 | L20: R1012
A21: Id20 | B21: 20 | C21: 1971 | D21: Sep | E21: 27 | F21: 33508 | G21: =DATEDIF(F21,$O$1,"Y") -> 34 | H21: 2 | I21: 47462.89 | J21: tier - 1 | K21: tier - 2 | L21: R1013
... A2338: id3444 | B2338: 3444 | C2338: 2004 | D2338: Nov | E2338: 1 | F2338: 38292 | G2338: =DATEDIF(F2338,$O$1,"Y") -> 21 | H2338: 2 | I2338: 34303.17 | J2338: tier - 1 | K2338: tier - 3 | L2338: R1013
A2339: No_ID_Found | B2339: _ID_Found | C2339: 2004 | D2339: Nov | E2339: 6 | F2339: 38297 | G2339: =DATEDIF(F2339,$O$1,"Y") -> 21 | H2339: 0 | I2339: 1137.01 | J2339: tier - 3 | K2339: tier - 1 | L2339: R1013
A2340: No_ID_Found | B2340: _ID_Found | C2340: 1999 | D2340: Jun | E2340: 9 | F2340: 36320 | G2340: =DATEDIF(F2340,$O$1,"Y") -> 27 | H2340: 1 | I2340: 2775.19 | J2340: tier - 2 | K2340: tier - 1 | L2340: R1012
A2341: No_ID_Found | B2341: _ID_Found | C2341: 1985 | D2341: Dec | E2341: 20 | F2341: 35053 | G2341: =DATEDIF(F2341,$O$1,"Y") -> 30 | H2341: 2 | I2341: 6203.9 | J2341: tier - 1 | K2341: tier - 2 | L2341: R1012
A2342: No_ID_Found | B2342: _ID_Found | C2342: 2000 | D2342: Oct | E2342: 13 | F2342: 36812 | G2342: =DATEDIF(F2342,$O$1,"Y") -> 25 | H2342: 0 | I2342: 35585.58 | J2342: tier - 1 | K2342: tier - 2 | L2342: R1011
A2343: No_ID_Found | B2343: _ID_Found | C2343: 1992 | D2343: Oct | E2343: 6 | F2343: 33883 | G2343: =DATEDIF(F2343,$O$1,"Y") -> 33 | H2343: 0 | I2343: 36837.47 | J2343: tier - 1 | K2343: tier - 2 | L2343: R1011
A2344: No_ID_Found | B2344: _ID_Found | C2344: 1991 | D2344: Nov | E2344: 22 | F2344: 33564 | G2344: =DATEDIF(F2344,$O$1,"Y") -> 34 | H2344: 2 | I2344: 38711 | J2344: tier - 1 | K2344: tier - 3 | L2344: R1011

Sheet Healthcare
A1: Customer ID | B1: FirstName | C1: BMI | D1: HBA1C | E1: Heart Issues | F1: Any Transplants | G1: Cancer history | H1: Number Of Major Surgeries | I1: Smoker | J1: Weight Status | K1: Diabetes Status | L1: Date of Birth | M1: Charges | N1: Hospital tier | O1: City tier | P1: State ID | Q1: Age
A2: Id1 | B2: =VLOOKUP(A2,'Customer Names'!A2:E2336,3,FALSE) -> Hawks | C2: =VLOOKUP(A2,'Medical Examinations'!A2:J2336,2,FALSE) -> 47.41 | D2: =VLOOKUP(A2,'Medical Examinations'!A2:J2336,4,FALSE) -> 7.47 | E2: =VLOOKUP(A2,'Medical Examinations'!A2:J2336,6,FALSE) -> No | F2: =VLOOKUP(A2,'Medical Examinations'!A2:J2336,7,FALSE) -> No | G2: =VLOOKUP(A2,'Medical Examinations'!A2:J2336,8,FALSE) -> No | H2: =VLOOKUP(A2,'Medical Examinations'!A2:J2336,9,FALSE) -> 0 | I2: =VLOOKUP(A2,'Medical Examinations'!A2:J2336,10,FALSE) -> Yes | J2: =VLOOKUP(A2,'Medical Examinations'!A2:J2336,3,FALSE) -> Obesity | K2: =VLOOKUP(A2,'Medical Examinations'!A2:J2336,5,FALSE) -> Diabetese | L2: =VLOOKUP(Healthcare!A2,'Hospitalisation Details'!A2:L2344,6,FALSE) -> 36080 | M2: =VLOOKUP(A2,'Hospitalisation Details'!A2:L2344,9,FALSE) -> 63770.43 | N2: =VLOOKUP(Healthcare!A2,'Hospitalisation Details'!A2:L2344,10,FALSE) -> tier - 1 | O2: =VLOOKUP(A2,'Hospitalisation Details'!A1:L2344,11,FALSE) -> tier - 3 | P2: =VLOOKUP(A2,'Hospitalisation Details'!A1:L2344,12) -> R1013 | Q2: =VLOOKUP(A2,'Hospitalisation Details'!A1:L2344,7,FALSE) -> 27
A3: Id2 | B3: =VLOOKUP(A3,'Customer Names'!A3:E2337,3,FALSE) -> Lehner | C3: =VLOOKUP(A3,'Medical Examinations'!A3:J2337,2,FALSE) -> 30.36 | D3: =VLOOKUP(A3,'Medical Examinations'!A3:J2337,4,FALSE) -> 5.77 | E3: =VLOOKUP(A3,'Medical Examinations'!A3:J2337,6,FALSE) -> No | F3: =VLOOKUP(A3,'Medical Examinations'!A3:J2337,7,FALSE) -> No | G3: =VLOOKUP(A3,'Medical Examinations'!A3:J2337,8,FALSE) -> No | H3: =VLOOKUP(A3,'Medical Examinations'!A3:J2337,9,FALSE) -> 0 | I3: =VLOOKUP(A3,'Medical Examinations'!A3:J2337,10,FALSE) -> Yes | J3: =VLOOKUP(A3,'Medical Examinations'!A3:J2337,3,FALSE) -> Obesity | K3: =VLOOKUP(A3,'Medical Examinations'!A3:J2337,5,FALSE) -> Prediabetese | L3: =VLOOKUP(Healthcare!A3,'Hospitalisation Details'!A3:L2345,6,FALSE) -> 35589 | M3: =VLOOKUP(A3,'Hospitalisation Details'!A3:L2345,9,FALSE) -> 62592.87 | N3: =VLOOKUP(Healthcare!A3,'Hospitalisation Details'!A3:L2345,10,FALSE) -> tier - 2 | O3: =VLOOKUP(A3,'Hospitalisation Details'!A2:L2345,11,FALSE) -> tier - 3 | P3: =VLOOKUP(A3,'Hospitalisation Details'!A2:L2345,12) -> R1012 | Q3: =VLOOKUP(A3,'Hospitalisation Details'!A2:L2345,7,FALSE) -> 29
A4: Id3 | B4: =VLOOKUP(A4,'Customer Names'!A4:E2338,3,FALSE) -> Lu | C4: =VLOOKUP(A4,'Medical Examinations'!A4:J2338,2,FALSE) -> 34.485 | D4: =VLOOKUP(A4,'Medical Examinations'!A4:J2338,4,FALSE) -> 11.87 | E4: =VLOOKUP(A4,'Medical Examinations'!A4:J2338,6,FALSE) -> Yes | F4: =VLOOKUP(A4,'Medical Examinations'!A4:J2338,7,FALSE) -> No | G4: =VLOOKUP(A4,'Medical Examinations'!A4:J2338,8,FALSE) -> No | H4: =VLOOKUP(A4,'Medical Examinations'!A4:J2338,9,FALSE) -> 2 | I4: =VLOOKUP(A4,'Medical Examinations'!A4:J2338,10,FALSE) -> Yes | J4: =VLOOKUP(A4,'Medical Examinations'!A4:J2338,3,FALSE) -> Obesity | K4: =VLOOKUP(A4,'Medical Examinations'!A4:J2338,5,FALSE) -> Diabetese | L4: =VLOOKUP(Healthcare!A4,'Hospitalisation Details'!A4:L2346,6,FALSE) -> 33127 | M4: =VLOOKUP(A4,'Hospitalisation Details'!A4:L2346,9,FALSE) -> 60021.4 | N4: =VLOOKUP(Healthcare!A4,'Hospitalisation Details'!A4:L2346,10,FALSE) -> tier - 1 | O4: =VLOOKUP(A4,'Hospitalisation Details'!A3:L2346,11,FALSE) -> tier - 1 | P4: =VLOOKUP(A4,'Hospitalisation Details'!A3:L2346,12) -> R1015 | Q4: =VLOOKUP(A4,'Hospitalisation Details'!A3:L2346,7,FALSE) -> 36
A5: Id4 | B5: =VLOOKUP(A5,'Customer Names'!A5:E2339,3,FALSE) -> Osborne | C5: =VLOOKUP(A5,'Medical Examinations'!A5:J2339,2,FALSE) -> 38.095 | D5: =VLOOKUP(A5,'Medical Examinations'!A5:J2339,4,FALSE) -> 6.05 | E5: =VLOOKUP(A5,'Medical Examinations'!A5:J2339,6,FALSE) -> No | F5: =VLOOKUP(A5,'Medical Examinations'!A5:J2339,7,FALSE) -> No | G5: =VLOOKUP(A5,'Medical Examinations'!A5:J2339,8,FALSE) -> No | H5: =VLOOKUP(A5,'Medical Examinations'!A5:J2339,9,FALSE) -> 0 | I5: =VLOOKUP(A5,'Medical Examinations'!A5:J2339,10,FALSE) -> Yes | J5: =VLOOKUP(A5,'Medical Examinations'!A5:J2339,3,FALSE) -> Obesity | K5: =VLOOKUP(A5,'Medical Examinations'!A5:J2339,5,FALSE) -> Prediabetese | L5: =VLOOKUP(Healthcare!A5,'Hospitalisation Details'!A5:L2347,6,FALSE) -> 33395 | M5: =VLOOKUP(A5,'Hospitalisation Details'!A5:L2347,9,FALSE) -> 58571.07 | N5: =VLOOKUP(Healthcare!A5,'Hospitalisation Details'!A5:L2347,10,FALSE) -> tier - 1 | O5: =VLOOKUP(A5,'Hospitalisation Details'!A4:L2347,11,FALSE) -> tier - 3 | P5: =VLOOKUP(A5,'Hospitalisation Details'!A4:L2347,12) -> R1013 | Q5: =VLOOKUP(A5,'Hospitalisation Details'!A4:L2347,7,FALSE) -> 35
A6: Id5 | B6: =VLOOKUP(A6,'Customer Names'!A6:E2340,3,FALSE) -> Kadala | C6: =VLOOKUP(A6,'Medical Examinations'!A6:J2340,2,FALSE) -> 35.53 | D6: =VLOOKUP(A6,'Medical Examinations'!A6:J2340,4,FALSE) -> 5.45 | E6: =VLOOKUP(A6,'Medical Examinations'!A6:J2340,6,FALSE) -> No | F6: =VLOOKUP(A6,'Medical Examinations'!A6:J2340,7,FALSE) -> No | G6: =VLOOKUP(A6,'Medical Examinations'!A6:J2340,8,FALSE) -> No | H6: =VLOOKUP(A6,'Medical Examinations'!A6:J2340,9,FALSE) -> 0 | I6: =VLOOKUP(A6,'Medical Examinations'!A6:J2340,10,FALSE) -> Yes | J6: =VLOOKUP(A6,'Medical Examinations'!A6:J2340,3,FALSE) -> Obesity | K6: =VLOOKUP(A6,'Medical Examinations'!A6:J2340,5,FALSE) -> Normal | L6: =VLOOKUP(Healthcare!A6,'Hospitalisation Details'!A6:L2348,6,FALSE) -> 36330 | M6: =VLOOKUP(A6,'Hospitalisation Details'!A6:L2348,9,FALSE) -> 55135.4 | N6: =VLOOKUP(Healthcare!A6,'Hospitalisation Details'!A6:L2348,10,FALSE) -> tier - 1 | O6: =VLOOKUP(A6,'Hospitalisation Details'!A5:L2348,11,FALSE) -> tier - 2 | P6: =VLOOKUP(A6,'Hospitalisation Details'!A5:L2348,12) -> R1013 | Q6: =VLOOKUP(A6,'Hospitalisation Details'!A5:L2348,7,FALSE) -> 27
A7: Id6 | B7: =VLOOKUP(A7,'Customer Names'!A7:E2341,3,FALSE) -> Baker | C7: =VLOOKUP(A7,'Medical Examinations'!A7:J2341,2,FALSE) -> 32.8 | D7: =VLOOKUP(A7,'Medical Examinations'!A7:J2341,4,FALSE) -> 6.59 | E7: =VLOOKUP(A7,'Medical Examinations'!A7:J2341,6,FALSE) -> No | F7: =VLOOKUP(A7,'Medical Examinations'!A7:J2341,7,FALSE) -> No | G7: =VLOOKUP(A7,'Medical Examinations'!A7:J2341,8,FALSE) -> No | H7: =VLOOKUP(A7,'Medical Examinations'!A7:J2341,9,FALSE) -> 0 | I7: =VLOOKUP(A7,'Medical Examinations'!A7:J2341,10,FALSE) -> Yes | J7: =VLOOKUP(A7,'Medical Examinations'!A7:J2341,3,FALSE) -> Obesity | K7: =VLOOKUP(A7,'Medical Examinations'!A7:J2341,5,FALSE) -> Diabetese | L7: =VLOOKUP(Healthcare!A7,'Hospitalisation Details'!A7:L2349,6,FALSE) -> 33820 | M7: =VLOOKUP(A7,'Hospitalisation Details'!A7:L2349,9,FALSE) -> 52590.83 | N7: =VLOOKUP(Healthcare!A7,'Hospitalisation Details'!A7:L2349,10,FALSE) -> tier - 1 | O7: =VLOOKUP(A7,'Hospitalisation Details'!A6:L2349,11,FALSE) -> tier - 3 | P7: =VLOOKUP(A7,'Hospitalisation Details'!A6:L2349,12) -> R1013 | Q7: =VLOOKUP(A7,'Hospitalisation Details'!A6:L2349,7,FALSE) -> 34
A8: Id7 | B8: =VLOOKUP(A8,'Customer Names'!A8:E2342,3,FALSE) -> Macpherson | C8: =VLOOKUP(A8,'Medical Examinations'!A8:J2342,2,FALSE) -> 36.4 | D8: =VLOOKUP(A8,'Medical Examinations'!A8:J2342,4,FALSE) -> 6.07 | E8: =VLOOKUP(A8,'Medical Examinations'!A8:J2342,6,FALSE) -> No | F8: =VLOOKUP(A8,'Medical Examinations'!A8:J2342,7,FALSE) -> No | G8: =VLOOKUP(A8,'Medical Examinations'!A8:J2342,8,FALSE) -> No | H8: =VLOOKUP(A8,'Medical Examinations'!A8:J2342,9,FALSE) -> 0 | I8: =VLOOKUP(A8,'Medical Examinations'!A8:J2342,10,FALSE) -> Yes | J8: =VLOOKUP(A8,'Medical Examinations'!A8:J2342,3,FALSE) -> Obesity | K8: =VLOOKUP(A8,'Medical Examinations'!A8:J2342,5,FALSE) -> Prediabetese | L8: =VLOOKUP(Healthcare!A8,'Hospitalisation Details'!A8:L2350,6,FALSE) -> 34634 | M8: =VLOOKUP(A8,'Hospitalisation Details'!A8:L2350,9,FALSE) -> 51194.56 | N8: =VLOOKUP(Healthcare!A8,'Hospitalisation Details'!A8:L2350,10,FALSE) -> tier - 1 | O8: =VLOOKUP(A8,'Hospitalisation Details'!A7:L2350,11,FALSE) -> tier - 3 | P8: =VLOOKUP(A8,'Hospitalisation Details'!A7:L2350,12) -> R1013 | Q8: =VLOOKUP(A8,'Hospitalisation Details'!A7:L2350,7,FALSE) -> 31
A9: Id8 | B9: =VLOOKUP(A9,'Customer Names'!A9:E2343,3,FALSE) -> Hallman | C9: =VLOOKUP(A9,'Medical Examinations'!A9:J2343,2,FALSE) -> 36.96 | D9: =VLOOKUP(A9,'Medical Examinations'!A9:J2343,4,FALSE) -> 7.93 | E9: =VLOOKUP(A9,'Medical Examinations'!A9:J2343,6,FALSE) -> No | F9: =VLOOKUP(A9,'Medical Examinations'!A9:J2343,7,FALSE) -> No | G9: =VLOOKUP(A9,'Medical Examinations'!A9:J2343,8,FALSE) -> No | H9: =VLOOKUP(A9,'Medical Examinations'!A9:J2343,9,FALSE) -> 3 | I9: =VLOOKUP(A9,'Medical Examinations'!A9:J2343,10,FALSE) -> Yes | J9: =VLOOKUP(A9,'Medical Examinations'!A9:J2343,3,FALSE) -> Obesity | K9: =VLOOKUP(A9,'Medical Examinations'!A9:J2343,5,FALSE) -> Diabetese | L9: =VLOOKUP(Healthcare!A9,'Hospitalisation Details'!A9:L2351,6,FALSE) -> 35973 | M9: =VLOOKUP(A9,'Hospitalisation Details'!A9:L2351,9,FALSE) -> 49577.66 | N9: =VLOOKUP(Healthcare!A9,'Hospitalisation Details'!A9:L2351,10,FALSE) -> tier - 2 | O9: =VLOOKUP(A9,'Hospitalisation Details'!A8:L2351,11,FALSE) -> tier - 2 | P9: =VLOOKUP(A9,'Hospitalisation Details'!A8:L2351,12) -> R1013 | Q9: =VLOOKUP(A9,'Hospitalisation Details'!A8:L2351,7,FALSE) -> 28
A10: Id9 | B10: =VLOOKUP(A10,'Customer Names'!A10:E2344,3,FALSE) -> Moran | C10: =VLOOKUP(A10,'Medical Examinations'!A10:J2344,2,FALSE) -> 41.14 | D10: =VLOOKUP(A10,'Medical Examinations'!A10:J2344,4,FALSE) -> 9.58 | E10: =VLOOKUP(A10,'Medical Examinations'!A10:J2344,6,FALSE) -> Yes | F10: =VLOOKUP(A10,'Medical Examinations'!A10:J2344,7,FALSE) -> No | G10: =VLOOKUP(A10,'Medical Examinations'!A10:J2344,8,FALSE) -> Yes | H10: =VLOOKUP(A10,'Medical Examinations'!A10:J2344,9,FALSE) -> 1 | I10: =VLOOKUP(A10,'Medical Examinations'!A10:J2344,10,FALSE) -> Yes | J10: =VLOOKUP(A10,'Medical Examinations'!A10:J2344,3,FALSE) -> Obesity | K10: =VLOOKUP(A10,'Medical Examinations'!A10:J2344,5,FALSE) -> Diabetese | L10: =VLOOKUP(Healthcare!A10,'Hospitalisation Details'!A10:L2352,6,FALSE) -> 34216 | M10: =VLOOKUP(A10,'Hospitalisation Details'!A10:L2352,9,FALSE) -> 48970.25 | N10: =VLOOKUP(Healthcare!A10,'Hospitalisation Details'!A10:L2352,10,FALSE) -> tier - 1 | O10: =VLOOKUP(A10,'Hospitalisation Details'!A9:L2352,11,FALSE) -> tier - 2 | P10: =VLOOKUP(A10,'Hospitalisation Details'!A9:L2352,12) -> R1013 | Q10: =VLOOKUP(A10,'Hospitalisation Details'!A9:L2352,7,FALSE) -> 33
A11: Id10 | B11: =VLOOKUP(A11,'Customer Names'!A11:E2345,3,FALSE) -> Benner | C11: =VLOOKUP(A11,'Medical Examinations'!A11:J2345,2,FALSE) -> 38.06 | D11: =VLOOKUP(A11,'Medical Examinations'!A11:J2345,4,FALSE) -> 10.79 | E11: =VLOOKUP(A11,'Medical Examinations'!A11:J2345,6,FALSE) -> No | F11: =VLOOKUP(A11,'Medical Examinations'!A11:J2345,7,FALSE) -> No | G11: =VLOOKUP(A11,'Medical Examinations'!A11:J2345,8,FALSE) -> No | H11: =VLOOKUP(A11,'Medical Examinations'!A11:J2345,9,FALSE) -> 0 | I11: =VLOOKUP(A11,'Medical Examinations'!A11:J2345,10,FALSE) -> Yes | J11: =VLOOKUP(A11,'Medical Examinations'!A11:J2345,3,FALSE) -> Obesity | K11: =VLOOKUP(A11,'Medical Examinations'!A11:J2345,5,FALSE) -> Diabetese | L11: =VLOOKUP(Healthcare!A11,'Hospitalisation Details'!A11:L2353,6,FALSE) -> 36158 | M11: =VLOOKUP(A11,'Hospitalisation Details'!A11:L2353,9,FALSE) -> 48885.14 | N11: =VLOOKUP(Healthcare!A11,'Hospitalisation Details'!A11:L2353,10,FALSE) -> tier - 1 | O11: =VLOOKUP(A11,'Hospitalisation Details'!A10:L2353,11,FALSE) -> tier - 2 | P11: =VLOOKUP(A11,'Hospitalisation Details'!A10:L2353,12) -> R1013 | Q11: =VLOOKUP(A11,'Hospitalisation Details'!A10:L2353,7,FALSE) -> 27
A12: Id11 | B12: =VLOOKUP(A12,'Customer Names'!A12:E2346,3,FALSE) -> Fierro Vargas | C12: =VLOOKUP(A12,'Medical Examinations'!A12:J2346,2,FALSE) -> 37.7 | D12: =VLOOKUP(A12,'Medical Examinations'!A12:J2346,4,FALSE) -> 5.96 | E12: =VLOOKUP(A12,'Medical Examinations'!A12:J2346,6,FALSE) -> Yes | F12: =VLOOKUP(A12,'Medical Examinations'!A12:J2346,7,FALSE) -> No | G12: =VLOOKUP(A12,'Medical Examinations'!A12:J2346,8,FALSE) -> No | H12: =VLOOKUP(A12,'Medical Examinations'!A12:J2346,9,FALSE) -> 2 | I12: =VLOOKUP(A12,'Medical Examinations'!A12:J2346,10,FALSE) -> Yes | J12: =VLOOKUP(A12,'Medical Examinations'!A12:J2346,3,FALSE) -> Obesity | K12: =VLOOKUP(A12,'Medical Examinations'!A12:J2346,5,FALSE) -> Prediabetese | L12: =VLOOKUP(Healthcare!A12,'Hospitalisation Details'!A12:L2354,6,FALSE) -> 36363 | M12: =VLOOKUP(A12,'Hospitalisation Details'!A12:L2354,9,FALSE) -> 48824.45 | N12: =VLOOKUP(Healthcare!A12,'Hospitalisation Details'!A12:L2354,10,FALSE) -> tier - 2 | O12: =VLOOKUP(A12,'Hospitalisation Details'!A11:L2354,11,FALSE) -> tier - 1 | P12: =VLOOKUP(A12,'Hospitalisation Details'!A11:L2354,12) -> R1011 | Q12: =VLOOKUP(A12,'Hospitalisation Details'!A11:L2354,7,FALSE) -> 27
A13: Id12 | B13: =VLOOKUP(A13,'Customer Names'!A13:E2347,3,FALSE) -> Franz | C13: =VLOOKUP(A13,'Medical Examinations'!A13:J2347,2,FALSE) -> 42.13 | D13: =VLOOKUP(A13,'Medical Examinations'!A13:J2347,4,FALSE) -> 11.9 | E13: =VLOOKUP(A13,'Medical Examinations'!A13:J2347,6,FALSE) -> No | F13: =VLOOKUP(A13,'Medical Examinations'!A13:J2347,7,FALSE) -> No | G13: =VLOOKUP(A13,'Medical Examinations'!A13:J2347,8,FALSE) -> No | H13: =VLOOKUP(A13,'Medical Examinations'!A13:J2347,9,FALSE) -> 0 | I13: =VLOOKUP(A13,'Medical Examinations'!A13:J2347,10,FALSE) -> Yes | J13: =VLOOKUP(A13,'Medical Examinations'!A13:J2347,3,FALSE) -> Obesity | K13: =VLOOKUP(A13,'Medical Examinations'!A13:J2347,5,FALSE) -> Diabetese | L13: =VLOOKUP(Healthcare!A13,'Hospitalisation Details'!A13:L2355,6,FALSE) -> 34999 | M13: =VLOOKUP(A13,'Hospitalisation Details'!A13:L2355,9,FALSE) -> 48675.52 | N13: =VLOOKUP(Healthcare!A13,'Hospitalisation Details'!A13:L2355,10,FALSE) -> tier - 1 | O13: =VLOOKUP(A13,'Hospitalisation Details'!A12:L2355,11,FALSE) -> tier - 2 | P13: =VLOOKUP(A13,'Hospitalisation Details'!A12:L2355,12) -> R1013 | Q13: =VLOOKUP(A13,'Hospitalisation Details'!A12:L2355,7,FALSE) -> 30
... A2336: Id2335 | B2336: =VLOOKUP(A2336,'Customer Names'!A2336:E4670,3,FALSE) -> German | C2336: =VLOOKUP(A2336,'Medical Examinations'!A2336:J4670,2,FALSE) -> 17.58 | D2336: =VLOOKUP(A2336,'Medical Examinations'!A2336:J4670,4,FALSE) -> 4.51 | E2336: =VLOOKUP(A2336,'Medical Examinations'!A2336:J4670,6,FALSE) -> No | F2336: =VLOOKUP(A2336,'Medical Examinations'!A2336:J4670,7,FALSE) -> No | G2336: =VLOOKUP(A2336,'Medical Examinations'!A2336:J4670,8,FALSE) -> No | H2336: =VLOOKUP(A2336,'Medical Examinations'!A2336:J4670,9,FALSE) -> 1 | I2336: =VLOOKUP(A2336,'Medical Examinations'!A2336:J4670,10,FALSE) -> No | J2336: =VLOOKUP(A2336,'Medical Examinations'!A2336:J4670,3,FALSE) -> Underweight | K2336: =VLOOKUP(A2336,'Medical Examinations'!A2336:J4670,5,FALSE) -> Normal | L2336: =VLOOKUP(Healthcare!A2336,'Hospitalisation Details'!A2336:L4678,6,FALSE) -> 33794 | M2336: =VLOOKUP(A2336,'Hospitalisation Details'!A2336:L4678,9,FALSE) -> 563.84 | N2336: =VLOOKUP(Healthcare!A2336,'Hospitalisation Details'!A2336:L4678,10,FALSE) -> tier - 2 | O2336: =VLOOKUP(A2336,'Hospitalisation Details'!A2335:L4678,11,FALSE) -> tier - 3 | P2336: =VLOOKUP(A2336,'Hospitalisation Details'!A2335:L4678,12) -> R1013 | Q2336: =VLOOKUP(A2336,'Hospitalisation Details'!A2335:L4678,7,FALSE) -> 34

Sheet PieCharts
A3: Count of Smoker | B3: Column Labels
A4: Row Labels | B4: No | C4: Yes | D4: Grand Total
A5: No | B5: 1538 | C5: 404 | D5: 1942
A6: Yes | B6: 307 | C6: 84 | D6: 391
A7: Grand Total | B7: 1845 | C7: 488 | D7: 2333
A20: Row Labels | B20: Sum Surgeries | C20: Average of HBA1C
A21: No | B21: 1417 | C21: 6.6704427
A22: Yes | B22: 162 | C22: 5.1876389
A23: Grand Total | B23: 1579 | C23: 6.5789979

Sheet BarCharts
A3: Average of Charges | B3: Column Labels
A4: Row Labels | B4: Diabetese | C4: Normal | D4: Prediabetese | E4: Grand Total
A5: Normal weight | B5: 12492.757 | C5: 7938.5057 | D5: 10389.963 | E5: 9851.9225
A6: Obesity | B6: 19162.186 | C6: 15188.437 | D6: 15579.104 | E6: 16661.463
A7: Overweight | B7: 13988.434 | C7: 10327.157 | D7: 9998.0283 | E7: 11435.413
A8: Underweight | B8: 7424.9523 | C8: 6911.0056 | D8: 5626.0918 | E8: 6899.3175
A9: Grand Total | B9: 15973.539 | C9: 12090.723 | D9: 12690.985 | E9: 13529.918
A22: Average of Charges | B22: Column Labels
A23: Row Labels | B23: tier - 1 | C23: tier - 2 | D23: tier - 3 | E23: Grand Total
A24: R1011 | B24: 30609.944 | C24: 9075.7005 | D24: 6455.1837 | E24: 9783.6676
A25: R1012 | B25: 24894.439 | C25: 8177.779 | D25: 7540.936 | E25: 8782.5016
A26: R1013 | B26: 30324.384 | C26: 13579.068 | D26: 10743.511 | E26: 15207.416
A27: R1014 | B27: 12884.234 | C27: 2395.17 | E27: 11835.328
A28: R1015 | B28: 33135.86 | C28: 31489.472 | D28: 7570.755 | E28: 31460.496
A29: R1016 | B29: 37288.117 | C29: 2681.312 | D29: 6807.928 | E29: 8454.6137
A30: R1017 | B30: 39322.35 | C30: 8638.6642 | D30: 6173.8975 | E30: 10531.811
A31: R1018 | C31: 5800.3225 | E31: 5800.3225
A32: R1019 | C32: 11740.785 | D32: 4869.18 | E32: 10268.299
A33: R1020 | C33: 14755.438 | D33: 10403.27 | E33: 13885.004
A34: R1021 | B34: 38126.25 | C34: 7498.7998 | D34: 10548.733 | E34: 8630.7772
A35: R1022 | C35: 11354.517 | D35: 10769.75 | E35: 11270.979
A36: R1023 | C36: 10219.298 | D36: 10797.34 | E36: 10277.102
A37: R1024 | B37: 36197.7 | C37: 7317.0398 | D37: 10354.457 | E37: 7868.0571
A38: R1025 | C38: 6458.8922 | D38: 8990.9627 | E38: 7419.3328
A39: R1026 | C39: 8870.5832 | D39: 10598.381 | E39: 9335.7596
A40: Unknown | B40: 4827.9 | E40: 4827.9
A41: Grand Total | B41: 30129.199 | C41: 11865.269 | D41: 9462.2693 | E41: 13529.918

Sheet LineCharts
A3: Row Labels | B3: Average of BMI | C3: Average of HBA1C
A4: 21 | B4: 30.650417 | C4: 5.0935417
A5: 22 | B5: 30.571263 | C5: 5.1992632
A6: 23 | B6: 29.810152 | C6: 6.8828788
A7: 24 | B7: 28.1535 | C7: 7.591
A8: 25 | B8: 31.148333 | C8: 5.2794737
A9: 26 | B9: 31.295799 | C9: 5.2238194
A10: 27 | B10: 30.811951 | C10: 6.3939013
A11: 28 | B11: 30.59599 | C11: 6.8167708
A12: 29 | B12: 31.196597 | C12: 6.2330366
A13: 30 | B13: 31.401528 | C13: 6.7086574
A14: 31 | B14: 30.151938 | C14: 6.8507865
A15: 32 | B15: 31.181557 | C15: 6.825
... A19: 36 | B19: 32.042262 | C19: 7.0478571
A20: Grand Total | B20: 30.972649 | C20: 6.5789979
A25: Row Labels | B25: Average of Charges
A26: 21 | B26: 6564.7446
A27: 22 | B27: 8116.1143
A28: 23 | B28: 9296.4448
A29: 24 | B29: 5550.0674
A30: 25 | B30: 8584.9242
A31: 26 | B31: 13809.494
A32: 27 | B32: 15119.185
A33: 28 | B33: 13141.246
A34: 29 | B34: 14097.398
A35: 30 | B35: 15528.555
A36: 31 | B36: 13082.036
A37: 32 | B37: 13217.935
... A41: 36 | B41: 13867.317
A42: Grand Total | B42: 13529.918

Sheet Dashboard
