Workbook

Sheet Instructions
A1: Perform the following in the dataset from the 'Dataset' sheet.
B3: 1) Handling Missing Values:
C4: • Check for missing values in the 'Price' column. How would you handle products with missing price information?
C5: • If there are products with missing categories, propose a strategy to impute or deal with these missing values effectively.
B7: 2) Correcting Inconsistent Data:
C8: • Identify any inconsistent text formats present in the "Product Name" column.
C9: • Identify any typos present in the "Category" column.
C10: • Use the find and replace function to standardize the text formats in the "Product Name" column and fix any typos or misspellings in the "Category" column.
B12: 3) Removing Duplicates:
C13: • Identify any duplicate rows within the dataset based on the entirety of each row, and remove them if any.
B15: 4) Splitting and Merging Data:
C16: • Split the "Product ID" column into two separate columns for " Manufacturing Date" and "Country Code". Remove unnecessary characters, if any.
C17: • Merge the "Brand Name" and "Product Name" columns into one column named "Product Brand".
B19: 5) Number Formatting:
C20: • Format the data type of the "Price" column to currency format.
C21: • Format the "Manufacturing Date" column to display dates in the "DD-MM-YYYY " format.
B23: 6) Conditional Formatting:
C24: • Apply data bar or color scales conditional formatting in the "Price" column.
C25: • Create a custom rule for conditional formatting in the "Category" column to highlight cells where the category is "Electronics."

Sheet Dataset
A1: Product ID | B1: Product Name | C1: Brand Name | D1: Price ($) | E1: Quantity | F1: Category
A2: 28-JAN-US | B2: laptop | C2: Dell | D2: 1000 | E2: 30 | F2: Electronics
A3: 15-FEB-US | B3: Sneakers | C3: Nike | D3: 80 | E3: 15 | F3: Fashion
A4: 03-MAR-US | B4: Coffee Maker | C4: Keurig | D4: 130 | E4: 40 | F4: Kitchen
A5: 11-APR-US | B5: smartphone | C5: Samsung | D5: 900 | E5: 25 | F5: Electronics
A6: 22-MAY-US | B6: Backpack | C6: North Face | D6: 70 | E6: 20
A7: 07-JUN-UK | B7: Headphones | C7: Sony | E7: 45 | F7: Electroni
A8: 19-JUL-UK | B8: T-shirt | C8: Adidas | D8: 30 | E8: 5 | F8: Fashion
A9: 23-AUG-UK | B9: Blender | C9: Ninja | D9: 90 | E9: 35 | F9: Kitchen
A10: 05-SEP-UK | B10: Tablet | C10: Apple | D10: 500 | E10: 50 | F10: Electronics
A11: 14-OCT-UK | B11: Hiking Boots | C11: Timberland | D11: 130 | E11: 10 | F11: Outdoor
A12: 17-JUN-IN | B12: Laptop | C12: HP | D12: 950 | E12: 25 | F12: Electronics
A13: 25-NOV-AU | B13: Sneakers | C13: Adidas | D13: 90 | E13: 40
A14: 08-DEC-DE | B14: Coffee Maker | C14: Nespresso | D14: 120 | E14: 35
A15: 18-FEB-CA | B15: Smartwatch | C15: Fitbit | D15: 150 | E15: 15 | F15: Electroni
A16: 16-APR-ES | B16: headphones | C16: Bose | D16: 250 | E16: 20 | F16: Electroni
A17: 21-AUG-CA | B17: Laptop Bag | C17: Samsonite | D17: 50 | E17: 35 | F17: Accessories
A18: 20-AUG-CN | B18: Smartwatch | C18: Huawei | D18: 160 | E18: 15 | F18: Electroni
A19: 27-JAN-IT | B19: laptop | C19: Asus | D19: 980 | E19: 10 | F19: Electronics
A20: 01-MAR-UK | B20: Sunglasses | C20: Oakley | D20: 150 | E20: 15 | F20: Fashion
A21: 14-AUG-US | B21: Camping Tent | C21: Coleman | E21: 10 | F21: Outdoor
A22: 14-MAY-RU | B22: Camera | C22: Nikon | D22: 700 | E22: 50 | F22: Electronics
A23: 09-JAN-CA | B23: Microwave | C23: Panasonic | D23: 80 | E23: 20 | F23: Kitchen
A24: 19-JUL-BR | B24: Fitness Tracker | C24: Xiaomi | D24: 150 | E24: 30
A25: 21-AUG-CA | B25: Laptop Bag | C25: Samsonite | D25: 50 | E25: 35 | F25: Accessories
A26: 29-SEP-CA | B26: Smartphone | C26: Google | D26: 800 | E26: 45 | F26: Electronics
A27: 03-JUN-CA | B27: Sunglasses | C27: Ray-Ban | E27: 25 | F27: Fashion
A28: 11-JUL-CA | B28: Blender | C28: Vitamix | D28: 400 | E28: 40 | F28: Kitchen
A29: 16-APR-ES | B29: headphones | C29: Bose | D29: 250 | E29: 20 | F29: Electroni
A30: 07-MAR-CA | B30: Dress | C30: Zara | D30: 60 | E30: 30 | F30: Fashion
A31: 13-APR-CA | B31: Toaster | C31: Hamilton | D31: 40 | E31: 10 | F31: Kitchen
A32: 24-MAY-CA | B32: Fitness Tracker | C32: Garmin | D32: 130 | E32: 5 | F32: Electronics
A33: 02-DEC-CA | B33: Jeans | C33: Levi's | D33: 50 | E33: 50 | F33: Fashion
A34: 17-JUN-IN | B34: Laptop | C34: HP | D34: 950 | E34: 25 | F34: Electronics
A35: 09-JUL-FR | B35: Watch | C35: Casio | D35: 100 | E35: 20 | F35: Accessories

Sheet 1) Handling Missing Values
A1: Product ID | B1: Product Name | C1: Brand Name | D1: Price ($) | E1: Price($) | F1: Quantity | G1: Category
A2: 28-JAN-US | B2: laptop | C2: Dell | D2: 1000 | E2: =IF(ISBLANK(D2),AVERAGE(D$2:D$35),D2) -> 1000 | F2: 30 | G2: Electronics | I2: Mean Price | J2: =AVERAGE(D2:D35) -> 309.35484
A3: 15-FEB-US | B3: Sneakers | C3: Nike | D3: 80 | E3: =IF(ISBLANK(D3),AVERAGE(D$2:D$35),D3) -> 80 | F3: 15 | G3: Fashion
A4: 03-MAR-US | B4: Coffee Maker | C4: Keurig | D4: 130 | E4: =IF(ISBLANK(D4),AVERAGE(D$2:D$35),D4) -> 130 | F4: 40 | G4: Kitchen
A5: 11-APR-US | B5: smartphone | C5: Samsung | D5: 900 | E5: =IF(ISBLANK(D5),AVERAGE(D$2:D$35),D5) -> 900 | F5: 25 | G5: Electronics
A6: 22-MAY-US | B6: Backpack | C6: North Face | D6: 70 | E6: =IF(ISBLANK(D6),AVERAGE(D$2:D$35),D6) -> 70 | F6: 20 | G6: No Data Found
A7: 07-JUN-UK | B7: Headphones | C7: Sony | E7: =IF(ISBLANK(D7),AVERAGE(D$2:D$35),D7) -> 309.35484 | F7: 45 | G7: Electroni
A8: 19-JUL-UK | B8: T-shirt | C8: Adidas | D8: 30 | E8: =IF(ISBLANK(D8),AVERAGE(D$2:D$35),D8) -> 30 | F8: 5 | G8: Fashion
A9: 23-AUG-UK | B9: Blender | C9: Ninja | D9: 90 | E9: =IF(ISBLANK(D9),AVERAGE(D$2:D$35),D9) -> 90 | F9: 35 | G9: Kitchen
A10: 05-SEP-UK | B10: Tablet | C10: Apple | D10: 500 | E10: =IF(ISBLANK(D10),AVERAGE(D$2:D$35),D10) -> 500 | F10: 50 | G10: Electronics
A11: 14-OCT-UK | B11: Hiking Boots | C11: Timberland | D11: 130 | E11: =IF(ISBLANK(D11),AVERAGE(D$2:D$35),D11) -> 130 | F11: 10 | G11: Outdoor
A12: 17-JUN-IN | B12: Laptop | C12: HP | D12: 950 | E12: =IF(ISBLANK(D12),AVERAGE(D$2:D$35),D12) -> 950 | F12: 25 | G12: Electronics
A13: 25-NOV-AU | B13: Sneakers | C13: Adidas | D13: 90 | E13: =IF(ISBLANK(D13),AVERAGE(D$2:D$35),D13) -> 90 | F13: 40 | G13: No Data Found
A14: 08-DEC-DE | B14: Coffee Maker | C14: Nespresso | D14: 120 | E14: =IF(ISBLANK(D14),AVERAGE(D$2:D$35),D14) -> 120 | F14: 35 | G14: No Data Found
A15: 18-FEB-CA | B15: Smartwatch | C15: Fitbit | D15: 150 | E15: =IF(ISBLANK(D15),AVERAGE(D$2:D$35),D15) -> 150 | F15: 15 | G15: Electroni
A16: 16-APR-ES | B16: headphones | C16: Bose | D16: 250 | E16: =IF(ISBLANK(D16),AVERAGE(D$2:D$35),D16) -> 250 | F16: 20 | G16: Electroni
A17: 21-AUG-CA | B17: Laptop Bag | C17: Samsonite | D17: 50 | E17: =IF(ISBLANK(D17),AVERAGE(D$2:D$35),D17) -> 50 | F17: 35 | G17: Accessories
A18: 20-AUG-CN | B18: Smartwatch | C18: Huawei | D18: 160 | E18: =IF(ISBLANK(D18),AVERAGE(D$2:D$35),D18) -> 160 | F18: 15 | G18: Electroni
A19: 27-JAN-IT | B19: laptop | C19: Asus | D19: 980 | E19: =IF(ISBLANK(D19),AVERAGE(D$2:D$35),D19) -> 980 | F19: 10 | G19: Electronics
A20: 01-MAR-UK | B20: Sunglasses | C20: Oakley | D20: 150 | E20: =IF(ISBLANK(D20),AVERAGE(D$2:D$35),D20) -> 150 | F20: 15 | G20: Fashion
A21: 14-AUG-US | B21: Camping Tent | C21: Coleman | E21: =IF(ISBLANK(D21),AVERAGE(D$2:D$35),D21) -> 309.35484 | F21: 10 | G21: Outdoor
A22: 14-MAY-RU | B22: Camera | C22: Nikon | D22: 700 | E22: =IF(ISBLANK(D22),AVERAGE(D$2:D$35),D22) -> 700 | F22: 50 | G22: Electronics
A23: 09-JAN-CA | B23: Microwave | C23: Panasonic | D23: 80 | E23: =IF(ISBLANK(D23),AVERAGE(D$2:D$35),D23) -> 80 | F23: 20 | G23: Kitchen
A24: 19-JUL-BR | B24: Fitness Tracker | C24: Xiaomi | D24: 150 | E24: =IF(ISBLANK(D24),AVERAGE(D$2:D$35),D24) -> 150 | F24: 30 | G24: No Data Found
A25: 21-AUG-CA | B25: Laptop Bag | C25: Samsonite | D25: 50 | E25: =IF(ISBLANK(D25),AVERAGE(D$2:D$35),D25) -> 50 | F25: 35 | G25: Accessories
A26: 29-SEP-CA | B26: Smartphone | C26: Google | D26: 800 | E26: =IF(ISBLANK(D26),AVERAGE(D$2:D$35),D26) -> 800 | F26: 45 | G26: Electronics
A27: 03-JUN-CA | B27: Sunglasses | C27: Ray-Ban | E27: =IF(ISBLANK(D27),AVERAGE(D$2:D$35),D27) -> 309.35484 | F27: 25 | G27: Fashion
A28: 11-JUL-CA | B28: Blender | C28: Vitamix | D28: 400 | E28: =IF(ISBLANK(D28),AVERAGE(D$2:D$35),D28) -> 400 | F28: 40 | G28: Kitchen
A29: 16-APR-ES | B29: headphones | C29: Bose | D29: 250 | E29: =IF(ISBLANK(D29),AVERAGE(D$2:D$35),D29) -> 250 | F29: 20 | G29: Electroni
A30: 07-MAR-CA | B30: Dress | C30: Zara | D30: 60 | E30: =IF(ISBLANK(D30),AVERAGE(D$2:D$35),D30) -> 60 | F30: 30 | G30: Fashion
A31: 13-APR-CA | B31: Toaster | C31: Hamilton | D31: 40 | E31: =IF(ISBLANK(D31),AVERAGE(D$2:D$35),D31) -> 40 | F31: 10 | G31: Kitchen
A32: 24-MAY-CA | B32: Fitness Tracker | C32: Garmin | D32: 130 | E32: =IF(ISBLANK(D32),AVERAGE(D$2:D$35),D32) -> 130 | F32: 5 | G32: Electronics
A33: 02-DEC-CA | B33: Jeans | C33: Levi's | D33: 50 | E33: =IF(ISBLANK(D33),AVERAGE(D$2:D$35),D33) -> 50 | F33: 50 | G33: Fashion
A34: 17-JUN-IN | B34: Laptop | C34: HP | D34: 950 | E34: =IF(ISBLANK(D34),AVERAGE(D$2:D$35),D34) -> 950 | F34: 25 | G34: Electronics
A35: 09-JUL-FR | B35: Watch | C35: Casio | D35: 100 | E35: =IF(ISBLANK(D35),AVERAGE(D$2:D$35),D35) -> 100 | F35: 20 | G35: Accessories

Sheet 2) Correcting Inconsistent Data
A1: Product ID | B1: Product Name | C1: Product Name Find and Replace | D1: Product Name (case function) | E1: Brand Name | F1: Price ($) | G1: Quantity | H1: Category
A2: 28-JAN-US | B2: laptop | C2: Laptop | D2: =PROPER(B2) -> Laptop | E2: Dell | F2: 1000 | G2: 30 | H2: Electronics
A3: 15-FEB-US | B3: Sneakers | C3: Sneakers | D3: =PROPER(B3) -> Sneakers | E3: Nike | F3: 80 | G3: 15 | H3: Fashion
A4: 03-MAR-US | B4: Coffee Maker | C4: Coffee Maker | D4: =PROPER(B4) -> Coffee Maker | E4: Keurig | F4: 130 | G4: 40 | H4: Kitchen
A5: 11-APR-US | B5: smartphone | C5: Smartphone | D5: =PROPER(B5) -> Smartphone | E5: Samsung | F5: 900 | G5: 25 | H5: Electronics
A6: 22-MAY-US | B6: Backpack | C6: Backpack | D6: =PROPER(B6) -> Backpack | E6: North Face | F6: 70 | G6: 20 | H6: No Data Found
A7: 07-JUN-UK | B7: Headphones | C7: Headphones | D7: =PROPER(B7) -> Headphones | E7: Sony | F7: 309.354 | G7: 45 | H7: Electronics
A8: 19-JUL-UK | B8: T-shirt | C8: T-shirt | D8: =PROPER(B8) -> T-Shirt | E8: Adidas | F8: 30 | G8: 5 | H8: Fashion
A9: 23-AUG-UK | B9: Blender | C9: Blender | D9: =PROPER(B9) -> Blender | E9: Ninja | F9: 90 | G9: 35 | H9: Kitchen
A10: 05-SEP-UK | B10: Tablet | C10: Tablet | D10: =PROPER(B10) -> Tablet | E10: Apple | F10: 500 | G10: 50 | H10: Electronics
A11: 14-OCT-UK | B11: Hiking Boots | C11: Hiking Boots | D11: =PROPER(B11) -> Hiking Boots | E11: Timberland | F11: 130 | G11: 10 | H11: Outdoor
A12: 17-JUN-IN | B12: Laptop | C12: Laptop | D12: =PROPER(B12) -> Laptop | E12: HP | F12: 950 | G12: 25 | H12: Electronics
A13: 25-NOV-AU | B13: Sneakers | C13: Sneakers | D13: =PROPER(B13) -> Sneakers | E13: Adidas | F13: 90 | G13: 40 | H13: No Data Found
... A35: 09-JUL-FR | B35: Watch | C35: Watch | D35: =PROPER(B35) -> Watch | E35: Casio | F35: 100 | G35: 20 | H35: Accessories

Sheet 3) Removing Duplicates
A1: Product ID | B1: Product Name | C1: Brand Name | D1: Price ($) | E1: Quantity | F1: Category
A2: 28-JAN-US | B2: Laptop | C2: Dell | D2: 1000 | E2: 30 | F2: Electronics
A3: 15-FEB-US | B3: Sneakers | C3: Nike | D3: 80 | E3: 15 | F3: Fashion
A4: 03-MAR-US | B4: Coffee Maker | C4: Keurig | D4: 130 | E4: 40 | F4: Kitchen
A5: 11-APR-US | B5: Smartphone | C5: Samsung | D5: 900 | E5: 25 | F5: Electronics
A6: 22-MAY-US | B6: Backpack | C6: North Face | D6: 70 | E6: 20 | F6: No Data Found
A7: 07-JUN-UK | B7: Headphones | C7: Sony | D7: 309.354 | E7: 45 | F7: Electronics
A8: 19-JUL-UK | B8: T-shirt | C8: Adidas | D8: 30 | E8: 5 | F8: Fashion
A9: 23-AUG-UK | B9: Blender | C9: Ninja | D9: 90 | E9: 35 | F9: Kitchen
A10: 05-SEP-UK | B10: Tablet | C10: Apple | D10: 500 | E10: 50 | F10: Electronics
A11: 14-OCT-UK | B11: Hiking Boots | C11: Timberland | D11: 130 | E11: 10 | F11: Outdoor
A12: 17-JUN-IN | B12: Laptop | C12: HP | D12: 950 | E12: 25 | F12: Electronics
A13: 25-NOV-AU | B13: Sneakers | C13: Adidas | D13: 90 | E13: 40 | F13: No Data Found
... A32: 09-JUL-FR | B32: Watch | C32: Casio | D32: 100 | E32: 20 | F32: Accessories

Sheet 4) Splitting and Merging Data
A1: Product ID | B1: Manufacturing Date | C1: Country Code | D1: Product Name | E1: Brand Name | F1: Product Brand | G1: Price ($) | H1: Quantity | I1: Category
A2: 28-JAN-US | B2: =LEFT(A2,LEN(A2)-3) -> 28-JAN | C2: =RIGHT(A2,2) -> US | D2: Laptop | E2: Dell | F2: =_xlfn.CONCAT('4) Splitting and Merging Data'!D2," ",'4) Splitting and Merging Data'!E2) -> Laptop Dell | G2: 1000 | H2: 30 | I2: Electronics
A3: 15-FEB-US | B3: =LEFT(A3,LEN(A3)-3) -> 15-FEB | C3: =RIGHT(A3,2) -> US | D3: Sneakers | E3: Nike | F3: =_xlfn.CONCAT('4) Splitting and Merging Data'!D3," ",'4) Splitting and Merging Data'!E3) -> Sneakers Nike | G3: 80 | H3: 15 | I3: Fashion
A4: 03-MAR-US | B4: =LEFT(A4,LEN(A4)-3) -> 03-MAR | C4: =RIGHT(A4,2) -> US | D4: Coffee Maker | E4: Keurig | F4: =_xlfn.CONCAT('4) Splitting and Merging Data'!D4," ",'4) Splitting and Merging Data'!E4) -> Coffee Maker Keurig | G4: 130 | H4: 40 | I4: Kitchen
A5: 11-APR-US | B5: =LEFT(A5,LEN(A5)-3) -> 11-APR | C5: =RIGHT(A5,2) -> US | D5: Smartphone | E5: Samsung | F5: =_xlfn.CONCAT('4) Splitting and Merging Data'!D5," ",'4) Splitting and Merging Data'!E5) -> Smartphone Samsung | G5: 900 | H5: 25 | I5: Electronics
A6: 22-MAY-US | B6: =LEFT(A6,LEN(A6)-3) -> 22-MAY | C6: =RIGHT(A6,2) -> US | D6: Backpack | E6: North Face | F6: =_xlfn.CONCAT('4) Splitting and Merging Data'!D6," ",'4) Splitting and Merging Data'!E6) -> Backpack North Face | G6: 70 | H6: 20 | I6: No Data Found
A7: 07-JUN-UK | B7: =LEFT(A7,LEN(A7)-3) -> 07-JUN | C7: =RIGHT(A7,2) -> UK | D7: Headphones | E7: Sony | F7: =_xlfn.CONCAT('4) Splitting and Merging Data'!D7," ",'4) Splitting and Merging Data'!E7) -> Headphones Sony | G7: 309.354 | H7: 45 | I7: Electronics
A8: 19-JUL-UK | B8: =LEFT(A8,LEN(A8)-3) -> 19-JUL | C8: =RIGHT(A8,2) -> UK | D8: T-shirt | E8: Adidas | F8: =_xlfn.CONCAT('4) Splitting and Merging Data'!D8," ",'4) Splitting and Merging Data'!E8) -> T-shirt Adidas | G8: 30 | H8: 5 | I8: Fashion
A9: 23-AUG-UK | B9: =LEFT(A9,LEN(A9)-3) -> 23-AUG | C9: =RIGHT(A9,2) -> UK | D9: Blender | E9: Ninja | F9: =_xlfn.CONCAT('4) Splitting and Merging Data'!D9," ",'4) Splitting and Merging Data'!E9) -> Blender Ninja | G9: 90 | H9: 35 | I9: Kitchen
A10: 05-SEP-UK | B10: =LEFT(A10,LEN(A10)-3) -> 05-SEP | C10: =RIGHT(A10,2) -> UK | D10: Tablet | E10: Apple | F10: =_xlfn.CONCAT('4) Splitting and Merging Data'!D10," ",'4) Splitting and Merging Data'!E10) -> Tablet Apple | G10: 500 | H10: 50 | I10: Electronics
A11: 14-OCT-UK | B11: =LEFT(A11,LEN(A11)-3) -> 14-OCT | C11: =RIGHT(A11,2) -> UK | D11: Hiking Boots | E11: Timberland | F11: =_xlfn.CONCAT('4) Splitting and Merging Data'!D11," ",'4) Splitting and Merging Data'!E11) -> Hiking Boots Timberland | G11: 130 | H11: 10 | I11: Outdoor
A12: 17-JUN-IN | B12: =LEFT(A12,LEN(A12)-3) -> 17-JUN | C12: =RIGHT(A12,2) -> IN | D12: Laptop | E12: HP | F12: =_xlfn.CONCAT('4) Splitting and Merging Data'!D12," ",'4) Splitting and Merging Data'!E12) -> Laptop HP | G12: 950 | H12: 25 | I12: Electronics
A13: 25-NOV-AU | B13: =LEFT(A13,LEN(A13)-3) -> 25-NOV | C13: =RIGHT(A13,2) -> AU | D13: Sneakers | E13: Adidas | F13: =_xlfn.CONCAT('4) Splitting and Merging Data'!D13," ",'4) Splitting and Merging Data'!E13) -> Sneakers Adidas | G13: 90 | H13: 40 | I13: No Data Found
... A32: 09-JUL-FR | B32: =LEFT(A32,LEN(A32)-3) -> 09-JUL | C32: =RIGHT(A32,2) -> FR | D32: Watch | E32: Casio | F32: =_xlfn.CONCAT('4) Splitting and Merging Data'!D32," ",'4) Splitting and Merging Data'!E32) -> Watch Casio | G32: 100 | H32: 20 | I32: Accessories

Sheet 5) Number Formatting
A1: Product ID | B1: Manufacturing Date | C1: Country Code | D1: Product Name | E1: Brand Name | F1: Product Brand | G1: Price ($) | H1: Quantity | I1: Category
A2: 28-JAN-US | B2: 46050 | C2: =RIGHT(A2,2) -> US | D2: Laptop | E2: Dell | F2: =_xlfn.CONCAT('5) Number Formatting'!D2," ",'5) Number Formatting'!E2) -> Laptop Dell | G2: 1000 | H2: 30 | I2: Electronics
A3: 15-FEB-US | B3: 46068 | C3: =RIGHT(A3,2) -> US | D3: Sneakers | E3: Nike | F3: =_xlfn.CONCAT('5) Number Formatting'!D3," ",'5) Number Formatting'!E3) -> Sneakers Nike | G3: 80 | H3: 15 | I3: Fashion
A4: 03-MAR-US | B4: 46084 | C4: =RIGHT(A4,2) -> US | D4: Coffee Maker | E4: Keurig | F4: =_xlfn.CONCAT('5) Number Formatting'!D4," ",'5) Number Formatting'!E4) -> Coffee Maker Keurig | G4: 130 | H4: 40 | I4: Kitchen
A5: 11-APR-US | B5: 46123 | C5: =RIGHT(A5,2) -> US | D5: Smartphone | E5: Samsung | F5: =_xlfn.CONCAT('5) Number Formatting'!D5," ",'5) Number Formatting'!E5) -> Smartphone Samsung | G5: 900 | H5: 25 | I5: Electronics
A6: 22-MAY-US | B6: 46164 | C6: =RIGHT(A6,2) -> US | D6: Backpack | E6: North Face | F6: =_xlfn.CONCAT('5) Number Formatting'!D6," ",'5) Number Formatting'!E6) -> Backpack North Face | G6: 70 | H6: 20 | I6: No Data Found
A7: 07-JUN-UK | B7: 46180 | C7: =RIGHT(A7,2) -> UK | D7: Headphones | E7: Sony | F7: =_xlfn.CONCAT('5) Number Formatting'!D7," ",'5) Number Formatting'!E7) -> Headphones Sony | G7: 309.354 | H7: 45 | I7: Electronics
A8: 19-JUL-UK | B8: 46222 | C8: =RIGHT(A8,2) -> UK | D8: T-shirt | E8: Adidas | F8: =_xlfn.CONCAT('5) Number Formatting'!D8," ",'5) Number Formatting'!E8) -> T-shirt Adidas | G8: 30 | H8: 5 | I8: Fashion
A9: 23-AUG-UK | B9: 46257 | C9: =RIGHT(A9,2) -> UK | D9: Blender | E9: Ninja | F9: =_xlfn.CONCAT('5) Number Formatting'!D9," ",'5) Number Formatting'!E9) -> Blender Ninja | G9: 90 | H9: 35 | I9: Kitchen
A10: 05-SEP-UK | B10: 46270 | C10: =RIGHT(A10,2) -> UK | D10: Tablet | E10: Apple | F10: =_xlfn.CONCAT('5) Number Formatting'!D10," ",'5) Number Formatting'!E10) -> Tablet Apple | G10: 500 | H10: 50 | I10: Electronics
A11: 14-OCT-UK | B11: 46309 | C11: =RIGHT(A11,2) -> UK | D11: Hiking Boots | E11: Timberland | F11: =_xlfn.CONCAT('5) Number Formatting'!D11," ",'5) Number Formatting'!E11) -> Hiking Boots Timberland | G11: 130 | H11: 10 | I11: Outdoor
A12: 17-JUN-IN | B12: 46190 | C12: =RIGHT(A12,2) -> IN | D12: Laptop | E12: HP | F12: =_xlfn.CONCAT('5) Number Formatting'!D12," ",'5) Number Formatting'!E12) -> Laptop HP | G12: 950 | H12: 25 | I12: Electronics
A13: 25-NOV-AU | B13: 46351 | C13: =RIGHT(A13,2) -> AU | D13: Sneakers | E13: Adidas | F13: =_xlfn.CONCAT('5) Number Formatting'!D13," ",'5) Number Formatting'!E13) -> Sneakers Adidas | G13: 90 | H13: 40 | I13: No Data Found
... A32: 09-JUL-FR | B32: 46212 | C32: =RIGHT(A32,2) -> FR | D32: Watch | E32: Casio | F32: =_xlfn.CONCAT('5) Number Formatting'!D32," ",'5) Number Formatting'!E32) -> Watch Casio | G32: 100 | H32: 20 | I32: Accessories

Sheet 6) Conditional Formatting
A1: Product ID | B1: Manufacturing Date | C1: Country Code | D1: Product Name | E1: Brand Name | F1: Product Brand | G1: Price ($) | H1: Quantity | I1: Category
A2: 28-JAN-US | B2: 46050 | C2: =RIGHT(A2,2) -> US | D2: Laptop | E2: Dell | F2: =_xlfn.CONCAT('6) Conditional Formatting'!D2," ",'6) Conditional Formatting'!E2) -> Laptop Dell | G2: 1000 | H2: 30 | I2: Electronics
A3: 15-FEB-US | B3: 46068 | C3: =RIGHT(A3,2) -> US | D3: Sneakers | E3: Nike | F3: =_xlfn.CONCAT('6) Conditional Formatting'!D3," ",'6) Conditional Formatting'!E3) -> Sneakers Nike | G3: 80 | H3: 15 | I3: Fashion
A4: 03-MAR-US | B4: 46084 | C4: =RIGHT(A4,2) -> US | D4: Coffee Maker | E4: Keurig | F4: =_xlfn.CONCAT('6) Conditional Formatting'!D4," ",'6) Conditional Formatting'!E4) -> Coffee Maker Keurig | G4: 130 | H4: 40 | I4: Kitchen
A5: 11-APR-US | B5: 46123 | C5: =RIGHT(A5,2) -> US | D5: Smartphone | E5: Samsung | F5: =_xlfn.CONCAT('6) Conditional Formatting'!D5," ",'6) Conditional Formatting'!E5) -> Smartphone Samsung | G5: 900 | H5: 25 | I5: Electronics
A6: 22-MAY-US | B6: 46164 | C6: =RIGHT(A6,2) -> US | D6: Backpack | E6: North Face | F6: =_xlfn.CONCAT('6) Conditional Formatting'!D6," ",'6) Conditional Formatting'!E6) -> Backpack North Face | G6: 70 | H6: 20 | I6: No Data Found
A7: 07-JUN-UK | B7: 46180 | C7: =RIGHT(A7,2) -> UK | D7: Headphones | E7: Sony | F7: =_xlfn.CONCAT('6) Conditional Formatting'!D7," ",'6) Conditional Formatting'!E7) -> Headphones Sony | G7: 309.354 | H7: 45 | I7: Electronics
A8: 19-JUL-UK | B8: 46222 | C8: =RIGHT(A8,2) -> UK | D8: T-shirt | E8: Adidas | F8: =_xlfn.CONCAT('6) Conditional Formatting'!D8," ",'6) Conditional Formatting'!E8) -> T-shirt Adidas | G8: 30 | H8: 5 | I8: Fashion
A9: 23-AUG-UK | B9: 46257 | C9: =RIGHT(A9,2) -> UK | D9: Blender | E9: Ninja | F9: =_xlfn.CONCAT('6) Conditional Formatting'!D9," ",'6) Conditional Formatting'!E9) -> Blender Ninja | G9: 90 | H9: 35 | I9: Kitchen
A10: 05-SEP-UK | B10: 46270 | C10: =RIGHT(A10,2) -> UK | D10: Tablet | E10: Apple | F10: =_xlfn.CONCAT('6) Conditional Formatting'!D10," ",'6) Conditional Formatting'!E10) -> Tablet Apple | G10: 500 | H10: 50 | I10: Electronics
A11: 14-OCT-UK | B11: 46309 | C11: =RIGHT(A11,2) -> UK | D11: Hiking Boots | E11: Timberland | F11: =_xlfn.CONCAT('6) Conditional Formatting'!D11," ",'6) Conditional Formatting'!E11) -> Hiking Boots Timberland | G11: 130 | H11: 10 | I11: Outdoor
A12: 17-JUN-IN | B12: 46190 | C12: =RIGHT(A12,2) -> IN | D12: Laptop | E12: HP | F12: =_xlfn.CONCAT('6) Conditional Formatting'!D12," ",'6) Conditional Formatting'!E12) -> Laptop HP | G12: 950 | H12: 25 | I12: Electronics
A13: 25-NOV-AU | B13: 46351 | C13: =RIGHT(A13,2) -> AU | D13: Sneakers | E13: Adidas | F13: =_xlfn.CONCAT('6) Conditional Formatting'!D13," ",'6) Conditional Formatting'!E13) -> Sneakers Adidas | G13: 90 | H13: 40 | I13: No Data Found
... A32: 09-JUL-FR | B32: 46212 | C32: =RIGHT(A32,2) -> FR | D32: Watch | E32: Casio | F32: =_xlfn.CONCAT('6) Conditional Formatting'!D32," ",'6) Conditional Formatting'!E32) -> Watch Casio | G32: 100 | H32: 20 | I32: Accessories
